id;series;shot;year;mon;day;time;site;lat;lon;hob;gzalt;type;purpose;yield_min;yield_max;yield_kt;crater;warhead;sponsor
783;Toggle;Alumroot;1973;FEB;14;15:30:00.16;'NTS-YF;37.14709;-116.05009;-182,88;1264;UG-S;WR;0;20;;;;LLNL
784;Toggle;Miera;1973;MAR;8;16:10:00.19;'NTS-YF;37.10358;-116.02672;-568,39;1279;UG-S;WR;20;200;67;340;;LANL
785;Toggle;Gazook;1973;MAR;23;20:15:00.17;'NTS-YF;37.11727;-116.08703;-326,14;1274;UG-S;WR;0;20;0,2;;;LLNL
786;Toggle;Natoma;1973;APR;5;14:50:00.16;'NTS-YF;37.17788;-116.05389;-243,84;1283;UG-S;WR;0;20;;;;LLNL
787;Toggle;Angus;1973;APR;25;22:25:00.03;'NTS-YF;37.00483;-116.02844;-452,63;1180;UG-S;WR;0;20;9;;;LANL
788;Toggle;Velarde;1973;APR;25;"22;25:00.07";'NTS-YF;36.99400;-116.02200;-277;1176;UG-S;WR;0;20;8;150;;LANL
789;Toggle;Colmor;1973;APR;26;15:15:00.04;'NTS-YF;37.01215;-116.01997;-245,81;1182;UG-S;WR;0;20;0,5;;;LANL
790;Toggle;Starwort;1973;APR;26;17:15:00.16;'NTS-YF;37.12306;-116.05850;-563,88;1261;UG-S;WR;90;;90;351;;LLNL
791;Toggle;Mesita;1973;MAY;9;13:30:00.04;'NTS-YF;37.00627;-116.01608;-149,25;1180;UG-S;WR;0;20;;;;LANL
792;Toggle;Rio Blanco-1;1973;MAY;17;16:00:00.12;'-CO;39.79300;-108.36800;-2040;2005;UG-S;PR;33;;33;;;LLNL
793;Toggle;Rio Blanco-2;1973;MAY;17;16:00:00.12;'-CO;39.79300;-108.36700;;2005;UG-S;PR;33;;33;;;LLNL
794;Toggle;Rio Blanco-3;1973;MAY;17;16:00:00.12;'-CO;39.79300;-108.36800;;2005;UG-S;PR;33;;33;;;LLNL
795;Toggle;Cabresto;1973;MAY;24;13:30:00.04;'NTS-YF;37.07805;-116.03077;-197,89;1228;UG-S;WR;0;20;15;;;LANL
796;Toggle;Kashan;1973;MAY;24;14:30:00.16;'NTS-YF;37.16223;-116.05597;-265,18;1277;UG-S;WR;0;20;2;110;;LLNL
797;Toggle;Dido Queen;1973;JUN;5;17:00:00.17;'NTS-RM;37.18503;-116.21511;-391,36;2247;UG-T;WE;0;20;18;;;LLNL
798;Toggle;Almendro;1973;JUN;6;13:00:00.08;'NTS-PM;37.24510;-116.34600;1066,52;2069;UG-S;WR;200;1000;250;;;LANL
799;Toggle;Potrillo;1973;JUN;21;14:45:00.08;'NTS-YF;37.09204;-116.02723;-567,02;1255;UG-S;WR;20;200;58;340;;LANL
800;Toggle;Portulaca;1973;JUN;28;19:15:12.40;'NTS-YF;37.14842;-116.08586;-466,34;1311;UG-S;WR;20;200;24;183;;LLNL
801;Toggle;Silene;1973;JUN;28;19:45:00.16;'NTS-YF;37.11491;-116.04092;-198,12;1254;UG-S;WR;0;20;0,005;;;LLNL
802;Arbor;Polygonum;1973;OCT;2;14:30:00.166;'NTS-YF;37.15879;-116.07299;-213,36;1304;UG-S;WR;0;20;;;;LLNL
803;Arbor;Waller;1973;OCT;2;15:15:00.164;'NTS-YF;37.15391;-116.06771;-310,9;1294;UG-S;WR;0;20;1;;;LLNL
804;Arbor;Husky Ace;1973;OCT;12;17:00:00.08;'NTS-RM;37.20039;-116.20317;-415,66;2238;UG-T;WE;0;20;8;;;LANL
805;Arbor;Bernal;1973;NOV;28;15:30:00.08;'NTS-YF;37.01099;-116.02448;-285,29;1183;UG-S;WR;0;20;5;140;;LANL
806;Arbor;Pajara;1973;DEC;12;19:00:00.10;'NTS-YF;36.99149;-116.02413;-278,17;1175;UG-S;WR;0;20;5;150;;LANL
807;Arbor;Seafoam;1973;DEC;13;15:17:00.17;'NTS-YF;37.16140;-116.07305;-198,12;1306;UG-S;WR;0;20;;;;LLNL
808;Arbor;Spar;1973;DEC;19;18:30:00.04;'NTS-YF;37.00577;-116.01889;-148,43;1180;UG-S;SE;0;20;;;;LANL
809;Arbor;Elida;1973;DEC;19;19:16:00.11;'NTS-YF;37.00114;-116.03141;-381,42;1178;UG-S;WR;0;20;0,3;;;LANL
810;Arbor;Pinodrops-Sloat;1974;JAN;10;15:38:00.17;'NTS-YF;37.17400;-116.05200;-342,9;1283;UG-S;WR;0;20;;;;LLNL
811;Arbor;Pinedrops-Tawny;1974;JAN;10;15:38:00.17;'NTS-YF;37.17400;-116.05200;;1283;UG-S;WR;0;20;;;;LLNL
812;Arbor;Pinedrops-Bayou;1974;JAN;10;15:38:00.17;'NTS-YF;37.17400;-116.05200;-343;1283;UG-S;WR;0;20;;;;LLNL
813;Arbor;Latir;1974;FEB;27;17:00:00.09;'NTS-YF;37.10426;-116.05284;-640,77;1243;UG-S;WR;20;200;150;230;;LANL
814;Arbor;Hulsea;1974;MAR;14;17:00:00.166;'NTS-YF;37.15513;-116.06409;-195,07;1289;UG-S;WR;0;20;;;;LLNL
815;Arbor;Sapello;1974;APR;12;15:15:00.08;'NTS-YF;37.01494;-116.04414;-180,74;1189;UG-S;WR;0;20;;;;LANL
816;Arbor;Potrero;1974;APR;23;15:13:00.161;'NTS-YF;37.15997;-116.07641;-210,31;1310;UG-S;WR;0;20;0,5;;;LLNL
817;Arbor;Plomo;1974;MAY;1;14:02:00.21;'NTS-YF;37.03110;-115.98560;-149,35;1227;UG-S;WR;0;20;;;;LANL
818;Arbor;Jib;1974;MAY;8;16:55:00.085;'NTS-YF;37.00098;-116.00162;-180,44;1177;UG-S;WR;0;20;;;;LANL
819;Arbor;Grove;1974;MAY;22;14:15:00.169;'NTS-YF;37.11481;-116.07470;-313,94;1264;UG-S;WR;0;20;2,5;50;;LLNL
820;Arbor;Jara;1974;JUN;6;14:40:00.08;'NTS-YF;37.00384;-116.02351;-378,06;1180;UG-S;WR;0;20;4;150;;LANL
821;Arbor;Ming Blade;1974;JUN;19;16:00:00.084;'NTS-RM;37.21031;-116.20726;-387,65;2212;UG-T;WE;0;20;20;;;LANL
822;Bedrock;Escabosa;1974;JUL;10;16:00:00.092;'NTS-YF;37.07503;-116.03182;-638,52;1223;UG-S;WR;20;200;150;350;;LANL
823;Bedrock;Crestlake-Tansan;1974;JUL;18;14:00:01.20;'NTS-YF;37.11900;-116.08600;-272;1274;UG-S;WR;0;20;2;60;;LLNL
824;Bedrock;Crestlake-Briar;1974;JUL;18;14:00:01.20;'NTS-YF;37.11900;-116.08600;-373,68;1274;UG-S;WR;0;20;;;;LLNL
825;Bedrock;Puye;1974;AUG;14;14:00:00.11;'NTS-YF;37.02341;-116.03636;-430,08;1188;UG-S;WR;0;20;5;;;LANL
826;Bedrock;Portmanteau;1974;AUG;30;15:00:00.163;'NTS-YF;37.15248;-116.08333;-655,32;1313;UG-S;WR;20;200;160;270;;LLNL
827;Bedrock;Pratt;1974;SEP;25;14:00:00.08;'NTS-YF;37.01212;-116.03029;-313,96;1183;UG-S;WR;0;20;5;180;;LANL
828;Bedrock;Trumbull;1974;SEP;26;14:30:00.164;'NTS-YF;37.09321;-116.09476;-262,74;1269;UG-S;WR;0;20;0,2;;;LLNL
829;Bedrock;Stanyan;1974;SEP;26;15:05:00.17;'NTS-YF;37.13263;-116.06839;-573,02;1275;UG-S;WR;20;200;100;;;LLNL
830;Bedrock;Estaca;1974;OCT;17;17:13:00.118;'NTS-YF;37.03973;-116.04819;-321,05;1180;UG-S;WR;0;20;;;;LANL
831;Bedrock;Hybla Fair;1974;OCT;28;15:00:00.168;'NTS-RM;37.20113;-116.20394;-404,47;2227;UG-T;WE;0;20;;;;LLNL
832;Bedrock;Temescal;1974;NOV;2;15:30:00.164;'NTS-YF;37.09319;-116.09167;-262,74;1263;UG-S;WR;0;20;;;;LLNL
833;Bedrock;Puddle;1974;NOV;26;15:00:00.90;'NTS-YF;37.00103;-116.01121;-183,97;1169;UG-S;SE;0;20;;;;LANL
834;Bedrock;Keel;1974;DEC;16;17:30:00.088;'NTS-YF;37.01130;-116.01763;-304,72;1182;UG-S;WR;0;20;4;170;;LANL
835;Bedrock;Portola;1975;FEB;6;15:30:00.165;'NTS-YF;37.17841;-116.05156;-198,12;1285;UG-S;WR;0;20;0,35;;;LLNL
836;Bedrock;Portola-Larkin;1975;FEB;6;15:30:00.16;'NTS-YF;37.17841;-116.05156;-274;1285;UG-S;WR;0;20;;;;LLNL
837;Bedrock;Teleme;1975;FEB;6;16:13:00.17;'NTS-YF;37.11412;-116.02104;-304,8;1300;UG-S;WR;0;20;6;150;;LLNL
838;Bedrock;Bilge;1975;FEB;19;20:10:00.224;'NTS-YF;37.00220;-116.02456;-318,35;1179;UG-S;WR;0;20;;;;LANL
839;Bedrock;Topgallant;1975;FEB;28;16:15:00.09;'NTS-YF;37.10620;-116.05625;-713,37;1245;UG-S;WR;20;200;160;320;;LANL
840;Bedrock;Cabrillo;1975;MAR;7;16:00:00.169;'NTS-YF;37.13401;-116.08424;-600,46;1288;UG-S;WR;20;200;89;170;;LLNL
841;Bedrock;Dining Car;1975;APR;5;19:45:00.187;'NTS-RM;37.18792;-116.21388;-383,01;2238;UG-T;WE;0;20;20;;;LLNL
842;Bedrock;Edam;1975;APR;24;14:10:00.17;'NTS-YF;37.11567;-116.08739;-411,48;1272;UG-S;WR;20;200;20;170;;LLNL
843;Bedrock;Obar;1975;APR;30;15:00:00.90;'NTS-YF;37.10886;-116.02880;-568,8;1279;UG-S;WR;20;200;38;;;LANL
844;Bedrock;Tybo;1975;MAY;14;14:00:00.16;'NTS-PM;37.22078;-116.47416;-765,05;1880;UG-S;WR;200;1000;380;;;LLNL
845;Bedrock;Stilton;1975;JUN;3;14:20:00.17;'NTS-PM;37.34010;-116.52290;-731,52;1667;UG-S;WR;20;200;200;;;LLNL
846;Bedrock;Mizzen;1975;JUN;3;14:40:00.106;'NTS-YF;37.09483;-116.03611;-637,18;1247;UG-S;WR;20;200;140;260;;LANL
847;Bedrock;Alviso;1975;JUN;11;13:00:00.167;'NTS-YF;37.11178;-116.07370;-183;1261;UG-S;SE;0;20;;;;LLNL
848;Bedrock;Futtock;1975;JUN;18;11:49:00.092;'NTS-YF;37.06564;-116.02196;-186,56;1221;UG-S;SE;0;20;;;;LANL
849;Bedrock;Mast;1975;JUN;19;13:00:00.09;'NTS-PM;37.35035;-116.32022;-910,7;2068;UG-S;WR;200;1000;520;;;LANL
850;Bedrock;Camembert;1975;JUN;26;12:30:00.161;'NTS-PM;37.27893;-116.36858;1310,64;2033;UG-S;WR;200;1000;750;;;LLNL
851;Anvil;Marsh;1975;SEP;6;17:00:00.113;'NTS-YF;37.02365;-116.02831;-427,21;1187;UG-S;WR;0;20;7;210;;LANL
852;Anvil;Husky Pup;1975;OCT;24;17:11:26.093;'NTS-RM;37.22164;-116.17969;-327,96;2036;UG-T;WE;0;20;15;;;LLNL
853;Anvil;Kasseri;1975;OCT;28;14:30:00.16;'NTS-PM;37.29005;-116.41155;1264,92;1957;UG-S;WR;200;1000;1000;;;LLNL
854;Anvil;Deck;1975;NOV;18;15:30:00.113;'NTS-YF;37.02031;-116.02063;-326,14;1185;UG-S;WR;0;20;5;170;;LANL
855;Anvil;Inlet;1975;NOV;20;15:00:00.093;'NTS-PM;37.22496;-116.36756;-818,33;2025;UG-S;WR;200;1000;500;;;LANL
856;Anvil;Leyden;1975;NOV;26;15:30:00.163;'NTS-YF;37.11726;-116.01888;-326,11;1303;UG-S;WR;0;20;5;;;LLNL
857;Anvil;Chiberta;1975;DEC;20;20:00:00.164;'NTS-YF;37.12765;-116.06157;-716;1264;UG-S;WR;20;200;160;350;;LLNL
858;Anvil;Muenster;1976;JAN;3;19:15:00.162;'NTS-PM;37.29655;-116.33319;-1452,4;2082;UG-S;WR;200;1000;800;;;LLNL
859;Anvil;Keelson;1976;FEB;4;14:20:00.112;'NTS-YF;37.06926;-116.03016;-639,62;1218;UG-S;WR;20;200;150;380;;LANL
860;Anvil;Esrom;1976;FEB;4;14:40:00.163;'NTS-YF;37.10659;-116.03742;-654,6;1258;UG-S;WR;20;200;160;240;;LLNL
861;Anvil;Fontina;1976;FEB;12;14:45:00.163;'NTS-PM;37.27141;-116.48844;-1219;1837;UG-S;WR;200;1000;900;;;LLNL
862;Anvil;Cheshire;1976;FEB;14;11:30:00.162;'NTS-PM;37.24264;-116.42021;-1167;1947;UG-S;WR;200;500;350;;;LLNL
863;Anvil;Shallows;1976;FEB;26;14:50:00.091;'NTS-YF;37.02852;-116.01577;-244,85;1188;UG-S;WR;0;20;2,5;150;;LANL
864;Anvil;Estuary;1976;MAR;9;14:00:00.094;'NTS-PM;37.30996;-116.36422;-856,79;2025;UG-S;WR;200;500;350;;;LANL
865;Anvil;Colby;1976;MAR;14;12:30:00.163;'NTS-PM;37.30599;-116.47148;-1273,4;1904;UG-S;WR;500;1000;800;;;LLNL
866;Anvil;Pool;1976;MAR;17;14:15:00.09;'NTS-PM;37.25589;-116.32858;-881,18;2076;UG-S;WR;200;500;500;;;LANL
867;Anvil;Strait;1976;MAR;17;14:45:00.091;'NTS-YF;37.10728;-116.05248;-782,42;1243;UG-S;WR;200;500;210;260;;LANL
868;Anvil;Mighty Epic;1976;MAY;12;19:50:00.17;'NTS-RM;37.20910;-116.21250;-396,24;2224;UG-T;WE;0;20;20;;;LLNL
869;Anvil;Rivoli;1976;MAY;20;17:30:00.162;'NTS-YF;37.13720;-116.06658;-199,64;1279;UG-S;WR;0;20;0,6;;;LLNL
870;Anvil;Billet;1976;JUL;27;20:30:00.079;'NTS-YF;37.07537;-116.04382;-636,57;1222;UG-S;WR;20;150;58;;;LANL
871;Fulcrum;Gouda;1976;OCT;6;14:30:00.164;'NTS-YF;37.13456;-116.06228;-200,1;1272;UG-S;WR;0;20;0,6;;;LLNL
872;Fulcrum;Sprit;1976;NOV;10;14:58:00.077;'NTS-YF;37.03595;-116.01742;-183,18;1192;UG-S;WR;0;20;;;;LANL
873;Fulcrum;Chevre;1976;NOV;23;15:15:00.163;'NTS-YF;37.17171;-116.05267;-317,3;1278;UG-S;WR;0;20;2;70;;LLNL
874;Fulcrum;Redmud;1976;DEC;8;14:49:30.083;'NTS-YF;37.07926;-116.00162;-426,72;1269;UG-S;WR;0;20;20;;;LANL
875;Fulcrum;Asiago;1976;DEC;21;15:09:00.166;'NTS-YF;37.12391;-116.06746;-330,8;1265;UG-S;WR;0;20;11;170;;LLNL
876;Fulcrum;Sutter;1976;DEC;21;15:58:00.162;'NTS-YF;37.15190;-116.06343;-200,3;1287;UG-S;WR;0;20;;;;LLNL
877;Fulcrum;Rudder;1976;DEC;28;18:00:00.076;'NTS-YF;37.10049;-116.03646;-638,56;1255;UG-S;WR;20;150;89;350;;LANL
878;Fulcrum;Cove;1977;FEB;16;17:53:00.16;'NTS-YF;37.00700;-116.03200;;1181;UG-S;WR;0;20;3;80;;LANL
879;Fulcrum;Oarlock;1977;FEB;16;17:53:00.073;'NTS-YF;37.01349;-116.02857;-317,6;1183;UG-S;WR;0;20;8;160;;LANL
880;Fulcrum;Dofino;1977;MAR;8;14:24:00.164;'NTS-YF;37.17619;-116.05295;-182,88;1283;UG-S;WR;0;20;0,8;;;LLNL
881;Fulcrum;Dofino-Lawton;1977;MAR;8;14:24:00.16;'NTS-YF;37.17619;-116.05295;-282;1283;UG-S;WR;0;20;;;;LLNL
882;Fulcrum;Marsilly;1977;APR;5;15:00:00.167;'NTS-YF;37.12023;-116.06228;-689,73;1259;UG-S;WR;20;150;140;320;;LLNL
883;Fulcrum;Bulkhead;1977;APR;27;15:00:00.084;'NTS-YF;37.09479;-116.02788;-594,36;1259;UG-S;WR;20;150;67;;;LANL
884;Fulcrum;Crewline;1977;MAY;25;17:00:00.076;'NTS-YF;37.09433;-116.04486;-564,18;1237;UG-S;WR;20;150;51;;;LANL
885;Fulcrum;Forefoot;1977;JUN;2;17:15:00.098;'NTS-YF;37.05494;-116.02496;-193,55;1207;UG-S;WR;0;20;;;;LANL
886;Fulcrum;Carnelian;1977;JUL;28;14:07:00.162;'NTS-YF;37.09758;-116.10397;-208;1265;UG-S;WR;0;20;0,6;;;LLNL
887;Fulcrum;Strake;1977;AUG;4;16:40:00.074;'NTS-YF;37.08657;-116.00687;-517,55;1273;UG-S;WR;20;150;44;;;LANL
888;Fulcrum;Gruyere;1977;AUG;16;14:41:00.165;'NTS-YF;37.14516;-116.04909;-206,96;1263;UG-S;WR;0;20;;;;LLNL
889;Fulcrum;Gruyere-Gradino;1977;AUG;16;14:41:00.16;'NTS-YF;37.14516;-116.04909;-320;1263;UG-S;WR;0;20;0,6;;;LLNL
890;Fulcrum;Flotost;1977;AUG;16;15:49:00.168;'NTS-YF;37.14672;-116.06311;-274,93;1284;UG-S;WR;0;20;1,5;;;LLNL
891;Fulcrum;Scupper;1977;AUG;19;17:32:00.098;'NTS-YF;37.01762;-116.03161;-449,58;1185;UG-S;WR;0;20;0,2;;;LANL
892;Fulcrum;Scantling;1977;AUG;19;17:55:00.10;'NTS-YF;37.11003;-116.05451;-701,04;1246;UG-S;WR;20;150;120;260;;LANL
893;Fulcrum;Ebbtide;1977;SEP;15;14:36:30.077;'NTS-YF;37.03279;-116.04314;-379,48;1194;UG-S;WR;0;20;6;150;;LANL
894;Fulcrum;Coulommiers;1977;SEP;27;14:00:00.161;'NTS-YF;37.15117;-116.06756;-530,35;1292;UG-S;WR;20;150;20;230;;LLNL
895;Cresset;Bobstay;1977;OCT;26;14:15:00.08;'NTS-YF;37.00760;-116.01670;-381,3;1180;UG-S;WR;0;20;5;170;;LANL
896;Cresset;Hybla Gold;1977;NOV;1;18:06:00.07;'NTS-RM;37.18780;-116.21300;-384,99;2239;UG-T;WE;0;20;10;;;LANL
897;Cresset;Sandreef;1977;NOV;9;22:00:00.075;'NTS-YF;37.07211;-116.05001;-700,74;1221;UG-S;WR;20;150;150;280;;LANL
898;Cresset;Seamount;1977;NOV;17;19:30:00.077;'NTS-YF;37.02061;-116.02508;-370,09;1186;UG-S;WR;0;20;10;200;;LANL
899;Cresset;Rib;1977;DEC;14;15:00:00.17;'NTS-YF;37.01755;-116.01791;-212,84;1184;UG-S;WR;0;20;0,8;100;;LANL
900;Cresset;Farallones;1977;DEC;14;15:30:00.07;'NTS-YF;37.13587;-116.08603;-668;1290;UG-S;WR;20;150;150;300;;LLNL
901;Cresset;Campos;1978;FEB;13;21:53:00.162;'NTS-YF;37.12612;-116.03174;-319,6;1269;UG-S;WR;0;20;0,8;;;LLNL
902;Cresset;Reblochon;1978;FEB;23;17:00:00.164;'NTS-YF;37.12368;-116.06383;-658,4;1261;UG-S;WR;20;150;120;;;LLNL
903;Cresset;Karab;1978;MAR;16;15:00:00.07;'NTS-YF;37.08517;-116.08162;-331;1247;UG-S;WR;0;20;1,5;;;LLNL
904;Cresset;Topmast;1978;MAR;23;16:30:00.114;'NTS-YF;37.09886;-116.01962;-457,81;1282;UG-S;WR;0;20;;;;LANL
905;Cresset;Iceberg;1978;MAR;23;16:30:00.20;'NTS-YF;37.10180;-116.05110;-640,29;1239;UG-S;WR;20;150;120;230;;LANL
906;Cresset;Backbeach;1978;APR;11;17:45:00.073;'NTS-PM;37.23349;-116.36847;-671,78;2040;UG-S;WR;20;150;100;;;LANL
907;Cresset;Asco;1978;APR;25;14:35:00.162;'NTS-YF;37.15457;-116.03476;-183;1285;UG-S;SE;0;20;;;;LLNL
908;Cresset;Transom;1978;MAY;10;15:00:00.07;'NTS-YF;37.08778;-116.05263;-640;1231;UG-S;WR;0;;0;;;LANL
909;Cresset;Jackpots;1978;JUN;1;17:00:00.075;'NTS-YF;37.02065;-116.03193;-304,22;1186;UG-S;WR;0;20;0,6;;;LANL
910;Cresset;Satz;1978;JUL;7;14:00:00.167;'NTS-YF;37.11179;-116.07713;-315;1263;UG-S;WR;0;20;1,5;80;;LLNL
911;Cresset;Lowball;1978;JUL;12;17:00:00.08;'NTS-YF;37.07870;-116.04380;-564,88;1225;UG-S;WR;20;150;99;200;;LANL
912;Cresset;Panir;1978;AUG;31;14:00:00.164;'NTS-PM;37.27593;-116.35734;-681;2013;UG-S;WR;20;150;140;;;LLNL
913;Cresset;Diablo Hawk;1978;SEP;13;15:15:00.16;'NTS-RM;37.20880;-116.21080;-388;2212;UG-T;WE;0;20;8;;;LLNL
914;Cresset;Cremino;1978;SEP;27;16:30:00.165;'NTS-YF;37.17101;-116.08716;-210;1341;UG-S;WR;0;20;0,25;;;LLNL
915;Cresset;Cremino-Caerphilly;1978;SEP;27;16:30:00.17;'NTS-YF;37.17101;-116.08716;;1341;UG-S;WR;0;20;;;;LLNL
916;Cresset;Draughts;1978;SEP;27;17:00:00.071;'NTS-YF;37.07387;-116.01983;-441,59;1234;UG-S;WR;20;150;25;240;;LANL
917;Cresset;Rummy;1978;SEP;27;17:20:00.076;'NTS-YF;37.07980;-116.05132;-639,78;1226;UG-S;WR;20;150;150;320;;LANL
918;Quicksilver;Emmenthal;1978;NOV;2;15:25:00.169;'NTS-PM;37.28794;-116.29749;-576,1;2104;UG-S;WR;0;20;2,5;;;LLNL
919;Quicksilver;Concentration;1978;DEC;1;17:07:30.073;'NTS-YF;37.02967;-116.02413;-247,59;1189;UG-S;WR;0;20;0,6;80;;LANL
920;Quicksilver;Farm;1978;DEC;16;15:30:00.158;'NTS-PM;37.27339;-116.41028;-689;1979;UG-S;WR;20;150;140;;;LLNL
921;Quicksilver;Baccarat;1979;JAN;24;18:00:00.10;'NTS-YF;37.10540;-116.01170;-326,44;1311;UG-S;WR;0;20;6;;;LANL
922;Quicksilver;Quinella;1979;FEB;8;20:00:00.089;'NTS-YF;37.10248;-116.05484;-579,1;1241;UG-S;WR;20;150;89;240;;LANL
923;Quicksilver;Kloster;1979;FEB;15;18:05:00.165;'NTS-YF;37.15201;-116.07184;-536,4;1297;UG-S;WR;20;150;20;90;;LLNL
924;Quicksilver;Memory;1979;MAR;14;18:30:00.095;'NTS-YF;37.02783;-116.03975;-364,85;1190;UG-S;WR;0;20;5;;;LANL
925;Quicksilver;Freezeout;1979;MAY;11;16:00:00.102;'NTS-YF;36.99818;-116.01774;-335,3;1177;UG-S;WR;0;20;5;150;;LANL
926;Quicksilver;Pepato;1979;JUN;11;14:00:00.17;'NTS-PM;37.28969;-116.45525;-681;1913;UG-S;WR;20;150;100;;;LLNL
927;Quicksilver;Chess;1979;JUN;20;15:00:13.542;'NTS-YF;37.10763;-116.01509;-335,3;1309;UG-S;WR;0;20;1,5;;;LANL
928;Quicksilver;Fajy;1979;JUN;28;14:44:00.167;'NTS-YF;37.14330;-116.08752;-536;1303;UG-S;WR;20;150;22;250;;LLNL
929;Quicksilver;Burzet;1979;AUG;3;15:07:30.164;'NTS-YF;37.08395;-116.06989;-450;1235;UG-S;WR;20;150;20;170;;LLNL
930;Quicksilver;Offshore;1979;AUG;8;15:00:00.112;'NTS-YF;37.01475;-116.00801;-396,54;1182;UG-S;WR;20;150;20;210;;LANL
931;Quicksilver;Hearts;1979;SEP;6;15:00:00.089;'NTS-YF;37.08811;-116.05278;-640,02;1232;UG-S;WR;140;;140;300;;LANL
932;Quicksilver;Pera;1979;SEP;8;17:02:00.09;'NTS-YF;37.15500;-116.03900;-200;1280;UG-S;WR;0;20;5;120;;LLNL
933;Quicksilver;Sheepshead;1979;SEP;26;15:00:00.091;'NTS-PM;37.22906;-116.36405;-640;2033;UG-S;WR;20;150;140;;;LANL
934;Tinderbox;Backgammon;1979;NOV;29;15:00:00.096;'NTS-YF;36.99396;-116.02411;-228,72;1175;UG-S;WR;0;20;0,8;150;;LANL
935;Tinderbox;Azul;1979;DEC;14;18:00:00.09;'NTS-YF;37.13737;-116.06307;-205;1275;UG-S;WR;0;20;;;;LLNL
936;Tinderbox;Tarko;1980;FEB;28;15:00:00.093;'NTS-YF;37.12655;-116.08851;-369;1280;UG-S;WR;0;20;5;100;;LLNL
937;Tinderbox;Norbo;1980;MAR;8;15:35:00.09;'NTS-YF;37.17994;-116.08311;-271;1349;UG-S;WR;0;20;1;;;LLNL
938;Tinderbox;Liptauer;1980;APR;3;14:00:00.089;'NTS-YF;37.14988;-116.08226;-417;1304;UG-S;WR;20;150;20;170;;LLNL
939;Tinderbox;Pyramid;1980;APR;16;20:00:00.089;'NTS-YF;37.10112;-116.03053;-579,1;1266;UG-S;WR;20;150;89;150;;LANL
940;Tinderbox;Canfield;1980;MAY;2;18:46:30.092;'NTS-YF;37.05601;-116.01895;-350,5;1211;UG-S;WR;0;20;6;200;;LANL
941;Tinderbox;Flora;1980;MAY;22;13:00:00.089;'NTS-YF;37.00306;-116.03139;-335,6;1179;UG-S;WR;0;20;;;;LANL
942;Tinderbox;Kash;1980;JUN;12;17:15:00.09;'NTS-PM;37.28166;-116.45385;-645;1911;UG-S;WR;20;150;140;;;LLNL
943;Tinderbox;Huron King;1980;JUN;24;15:10:00.07;'NTS-YF;37.02330;-116.03410;-320,04;1187;UG-S;WE;0;20;6;140;;LANL
944;Tinderbox;Tafi;1980;JUL;25;19:05:00.082;'NTS-PM;37.25633;-116.47740;-680;1859;UG-S;WR;20;150;140;;;LLNL
945;Tinderbox;Verdello;1980;JUL;31;18:19:00.092;'NTS-YF;37.01304;-116.02275;-365,76;1183;UG-S;WR;0;20;3,5;150;;LANL
946;Tinderbox;Bonarda;1980;SEP;25;14:45:00.094;'NTS-YF;37.05616;-116.04809;-381;1209;UG-S;WR;20;150;20;90;;LANL
947;Tinderbox;Riola;1980;SEP;25;15:26:30.084;'NTS-YF;37.11586;-116.06457;-424;1254;UG-S;WR;1,07;;1,07;;;LLNL
948;Guardian;Miners Iron;1980;OCT;31;18:00:00.09;'NTS-RM;37.21130;-116.20540;-389,5;2212;UG-T;WE;0;20;10;;;LANL
949;Guardian;Dauphin;1980;NOV;14;16:50:00.084;'NTS-YF;37.11149;-116.01866;-320;1306;UG-S;WR;0;20;2;80;;LLNL
950;Guardian;Baseball;1981;JAN;15;20:25:00.09;'NTS-YF;37.08709;-116.04475;-563,88;1232;UG-S;WR;20;150;99;150;;LANL
951;Guardian;Clairette;1981;FEB;5;18:00:00.117;'NTS-YF;37.01089;-116.03218;-353,6;1182;UG-S;WR;0;20;;;;LANL
952;Guardian;Seco;1981;FEB;25;15:00:00.082;'NTS-YF;37.18190;-116.08425;-200;1356;UG-S;WR;0;20;;;;LLNL
953;Guardian;Vide;1981;APR;30;14:35:00.084;'NTS-YF;37.17733;-116.08476;-323;1346;UG-S;WR;0;20;;;;LLNL
954;Guardian;Aligote;1981;MAY;29;16:00:00.094;'NTS-YF;37.10184;-116.00406;-320;1311;UG-S;WR;0;20;2,5;;;LANL
955;Guardian;Harzer;1981;JUN;6;18:00:00.084;'NTS-PM;37.30340;-116.32560;-637;2073;UG-S;WR;20;150;140;;;LLNL
956;Guardian;Niza;1981;JUL;10;14:00:00.096;'NTS-YF;37.12860;-116.03378;-341;1266;UG-S;WR;0;20;4;110;;LLNL
957;Guardian;Pineau;1981;JUL;16;15:00:00.096;'NTS-YF;37.08870;-116.01937;-207,26;1259;UG-S;WR;0;20;;;;LANL
958;Guardian;Havarti;1981;AUG;5;13:41:00.086;'NTS-YF;37.15374;-116.03508;-200;1283;UG-S;WR;0;20;;;;LLNL
959;Guardian;Islay;1981;AUG;27;14:31:00.088;'NTS-YF;37.16042;-116.06652;-294;1297;UG-S;WR;0;20;4;100;;LLNL
960;Guardian;Trebbiano;1981;SEP;4;15:00:00.103;'NTS-YF;37.05809;-116.04807;-305,4;1211;UG-S;WR;0;20;1;30;;LANL
961;Guardian;Cernada;1981;SEP;24;15:00:00.089;'NTS-YF;37.00852;-116.02380;-213,2;1181;UG-S;WR;0;20;;;;LANL
962;Praetorian;Paliza;1981;OCT;1;19:00:00.10;'NTS-YF;37.08160;-116.00880;-472,1;1260;UG-S;WR;20;150;38;260;;LANL
963;Praetorian;Tilci;1981;NOV;11;20:00:09.086;'NTS-YF;37.07632;-116.06849;-445;1232;UG-S;WR;20;150;29;200;;LANL
964;Praetorian;Akavi;1981;DEC;3;15:00:00.098;'NTS-YF;37.14843;-116.07084;-494;1293;UG-S;WR;20;150;20;170;;LLNL
965;Praetorian;Caboc;1981;DEC;16;21:05:00.09;'NTS-YF;37.11450;-116.12290;-335;1348;UG-S;WR;0;20;5;;;LLNL
966;Praetorian;Jornada;1982;JAN;28;16:00:00.104;'NTS-YF;37.09134;-116.05123;-638,9;1233;UG-S;WR;139;150;139;300;;LANL
967;Praetorian;Molbo;1982;FEB;12;14:55:00.083;'NTS-PM;37.22433;-116.46265;-638;1873;UG-S;WR;20;150;80;;;LLNL
968;Praetorian;Hosta;1982;FEB;12;15:25:00.09;'NTS-PM;37.34800;-116.31610;-639,5;2076;UG-S;WR;20;150;140;;;LANL
969;Praetorian;Tenaja;1982;APR;17;18:00:00.088;'NTS-YF;37.01682;-116.00987;-356,3;1177;UG-S;WR;0;20;6;190;;LANL
970;Praetorian;Kryddost;1982;MAY;6;20:00:00.083;'NTS-YF;37.11684;-116.12691;-335;1363;UG-S;WR;0;20;3,5;;;LLNL
971;Praetorian;Bouschet;1982;MAY;7;18:17:00.11;'NTS-YF;37.06906;-116.04546;-563,9;1217;UG-S;WR;20;150;99;190;;LANL
972;Praetorian;Kesti;1982;JUN;16;14:00:00.085;'NTS-YF;37.11423;-116.01658;-289;1312;UG-S;WR;0;20;;;;LLNL
973;Praetorian;Nebbiolo;1982;JUN;24;14:15:00.09;'NTS-PM;37.23622;-116.37018;-639,5;2038;UG-S;WR;20;150;140;;;LANL
974;Praetorian;Monterey;1982;JUL;29;20:05:00.083;'NTS-YF;37.10231;-116.07497;-400;1253;H-12UG-S;WR;20;150;20;60;;LLNL
975;Praetorian;Atrisco;1982;AUG;5;14:00:00.09;'NTS-YF;37.08420;-116.00655;-639,78;1268;UG-S;WR;138;150;138;320;;LANL
976;Praetorian;Queso;1982;AUG;11;15:00:00.00;'NTS-YF;37.18979;-116.04768;-216;1310;H-70UG-S;WR;0;20;;;;LLNL
977;Praetorian;Cerro;1982;SEP;2;14:00:00.085;'NTS-YF;37.01974;-116.01566;-228,6;1184;H-70UG-S;WR;0;20;;;;LANL
978;Praetorian;Huron Landing;1982;SEP;23;16:00:00.09;'NTS-RM;37.21200;-116.20680;-408;1824;H-12UG-T;WE;0;20;20;;;LLNL
979;Praetorian;Diamond Ace;1982;SEP;23;16:00:00.091;'NTS-RM;37.21202;-116.20677;-407,26;1824;UG-T;WE;0;20;;;;LLNL
980;Praetorian;Frisco;1982;SEP;23;17:00:00.085;'NTS-YF;37.17475;-116.08779;-451;1347;H-14UG-S;WR;20;150;20;;;LLNL
981;Praetorian;Borrego;1982;SEP;29;13:30:00.096;'NTS-YF;37.09131;-116.04489;-563,3;1234;H-17UG-S;WR;0;150;1;;;LANL
982;Phalanx;Seyval;1982;NOV;12;19:17:00.10;'NTS-YF;37.02370;-116.03210;-366,06;1187;UG-S;WR;0;20;5;;;LANL
983;Phalanx;Manteca;1982;DEC;10;15:20:00.09;'NTS-YF;37.03020;-116.07190;-413;1236;UG-S;WR;20;150;20;;;LLNL
984;Phalanx;Coalora;1983;FEB;11;16:00:00.10;'NTS-YF;37.05060;-116.04530;-274;1210;UG-S;WR;0;20;;;;LANL
985;Phalanx;Cheedam;1983;FEB;17;17:00:00.09;'NTS-YF;37.16280;-116.06330;-343;1293;UG-S;WR;0;20;1,5;110;;LLNL
986;Phalanx;Cabra;1983;MAR;26;20:20:00.09;'NTS-PM;37.30070;-116.46000;-542,5;1907;UG-S;WR;20;150;45;;;LLNL
987;Phalanx;Turquoise;1983;APR;14;19:05:00.12;'NTS-YF;37.07280;-116.04600;-533,1;1219;UG-S;WR;0;150;84;170;;LANL
988;Phalanx;Crowdie;1983;MAY;5;15:20:00.08;'NTS-YF;37.14600;-116.09000;-390;1309;UG-S;WR;0;20;6;80;;LLNL
989;Phalanx;Mini Jade;1983;MAY;26;14:30:00.09;'NTS-RM;37.20900;-116.20600;-379,2;1828;UG-TC;WE;0;20;4;;;LANL
990;Phalanx;Fahada;1983;MAY;26;15:00:00.09;'NTS-YF;37.10290;-116.00570;-384,4;1312;UG-S;WR;0;20;6;;;LANL
991;Phalanx;Danablu;1983;JUN;9;17:10:00.088;'NTS-YF;37.15762;-116.08923;-320;1327;UG-S;WR;0;20;6;110;;LLNL
992;Phalanx;Laban;1983;AUG;3;13:33:00.10;'NTS-YF;37.11900;-116.08890;-326;1276;UG-S;WR;0;20;2,5;50;;LLNL
993;Phalanx;Sabado;1983;AUG;11;14:00:00.12;'NTS-YF;36.99770;-116.00270;-320;1175;UG-S;WR;0;20;5;;;LANL
994;Phalanx;Jarlsberg;1983;AUG;27;14:00:00.09;'NTS-YF;37.19300;-116.03500;-200;1318;UG-S;WR;0;20;2;;;LLNL
995;Phalanx;Chancellor;1983;SEP;1;14:00:00.08;'NTS-PM;37.27280;-116.35500;-623,6;2013;UG-S;WR;143;;143;;;LANL
996;Phalanx;Tomme/Midnight Zephy;1983;SEP;21;15:00:00.09;'NTS-RM;37.20970;-116.20930;-404,8;2230;UG-T;WE;0;20;;;;LLNL
997;Phalanx;Branco;1983;SEP;21;16:25:00.08;'NTS-YF;37.12100;-116.05600;-293;1256;UG-S;WR;0;20;0,6;;;LLNL
998;Phalanx;Branco-Herkimer;1983;SEP;21;16:25:00.08;'NTS-YF;37.12100;-116.05600;;1256;UG-S;WR;0;20;2;;;LLNL
999;Phalanx;Techado;1983;SEP;22;15:00:00.12;'NTS-YF;37.10560;-116.04940;-532,5;1241;UG-S;WR;0;150;2;;;LANL
1000;Phalanx;Navata;1983;SEP;29;15:00:00.09;'NTS-YF;37.05300;-116.02100;-182,9;1207;UG-S;SE;0;20;;;;LANL
1001;Fusileer;Muggins;1983;DEC;9;16:00:00.11;'NTS-YF;37.01300;-116.04700;-243,84;1188;UG-S;WR;0;20;1,5;90;;LANL
1002;Fusileer;Romano;1983;DEC;16;18:30:00.09;'NTS-YF;37.14050;-116.07210;-515;1287;UG-S;WR;20;150;29;230;;LLNL
1003;Fusileer;Gorbea;1984;JAN;31;15:30:00.085;'NTS-YF;37.11270;-116.12170;-388;1344;UG-S;WR;20;150;20;;;LLNL
1004;Fusileer;Midas Myth/Milagro;1984;FEB;15;17:00:00.11;'NTS-RM;37.22140;-116.18110;-360,9;2044;UG-T;WE;0;20;20;;;LANL
1005;Fusileer;Tortugas;1984;MAR;1;17:45:00.09;'NTS-YF;37.06580;-116.04630;-638,6;1216;UG-S;WR;20;150;150;250;;LANL
1006;Fusileer;Agrini;1984;MAR;31;14:30:00.084;'NTS-YF;37.14644;-116.08406;-320;1304;UG-S;WR;0;20;6;40;;LLNL
1007;Fusileer;Orkney;1984;MAY;2;13:50:00.09;'NTS-YF;37.19848;-116.05397;-210;1351;UG-S;WR;0;20;0,25;;;LLNL
1008;Fusileer;Bellow;1984;MAY;16;16:00:00.085;'NTS-YF;37.09251;-116.09322;-207,3;1266;UG-S;WR;0;20;0,8;;;LLNL
1009;Fusileer;Caprock;1984;MAY;31;13:04:00.102;'NTS-YF;37.10313;-116.04805;-599,85;1237;UG-S;WR;20;150;120;240;;LANL
1010;Fusileer;Duoro;1984;JUN;20;15:15:00.088;'NTS-YF;37.00038;-116.04306;-379,78;1180;UG-S;WR;20;150;20;180;;LANL
1011;Fusileer;Normanna;1984;JUL;12;14:00:00.087;'NTS-YF;37.19199;-116.03438;-200;1315;UG-S;WR;0;20;0,5;;;LLNL
1012;Fusileer;Kappeli;1984;JUL;25;15:30:00.084;'NTS-PM;37.26777;-116.41064;-640;1982;UG-S;WR;20;150;80;;;LLNL
1013;Fusileer;Correo;1984;AUG;2;15:00:00.09;'NTS-YF;37.01710;-116.00760;-334,1;1182;UG-S;WR;0;20;10;140;;LANL
1014;Fusileer;Wexford;1984;AUG;30;14:45:00.00;'NTS-YF;37.14389;-116.12526;-314;1376;UG-S;WR;0;20;;;;LLNL
1015;Fusileer;Dolcetto;1984;AUG;30;14:45:00.102;'NTS-YF;37.08979;-115.99937;-365,15;1291;UG-S;WR;0;20;20;;;LANL
1016;Fusileer;Breton;1984;SEP;13;14:00:00.00;'NTS-YF;37.08669;-116.07118;-483,11;1238;UG-S;WR;20;150;33;230;;LLNL
1017;Grenadier;Vermejo;1984;OCT;2;18:14:00.103;'NTS-YF;37.08523;-116.05281;-350,22;1229;UG-S;WR;0;20;2,5;;;LANL
1018;Grenadier;Villita;1984;NOV;10;16:40:00.09;'NTS-YF;37.00010;-116.01740;-372,2;1177;UG-S;WR;0;20;5;160;;LANL
1019;Grenadier;Tierra;1984;DEC;15;14:45:00.00;'NTS-PM;37.28136;-116.30541;-640;2118;UG-S;WR;20;150;80;;;LLNL
1020;Grenadier;Minero;1984;DEC;20;16:20:00.11;'NTS-YF;37.01200;-116.04600;-244,8;1187;UG-S;WR;0;20;2,5;;;LANL
1021;Grenadier;Vaughn;1985;MAR;15;16:31:00.10;'NTS-YF;37.05810;-116.04530;-425,5;1211;UG-S;WR;20;150;20;;;LANL
1022;Grenadier;Cottage;1985;MAR;23;18:30:00.082;'NTS-YF;37.17998;-116.08896;-515;1362;UG-S;WR;20;150;60;290;;LLNL
1023;Grenadier;Hermosa;1985;APR;2;20:00:00.09;'NTS-YF;37.09480;-116.03230;-638,25;1251;UG-S;WR;20;150;150;390;;LANL
1024;Grenadier;Misty Rain;1985;APR;6;23:15:00.09;'NTS-RM;37.20083;-116.20718;-388,6;2212;UG-T;WE;0;20;15;;;LLNL
1025;Grenadier;Towanda;1985;MAY;2;15:20:00.083;'NTS-PM;37.25341;-116.32521;-660,2;2085;UG-S;WR;20;150;150;;;LANL
1026;Grenadier;Salut;1985;JUN;12;15:15:00.082;'NTS-PM;37.24786;-116.48906;-608,08;1873;UG-S;WR;20;150;100;;;LLNL
1027;Grenadier;Ville;1985;JUN;12;17:30:00.088;'NTS-YF;37.08831;-116.08394;-293,2;1250;UG-S;WR;0;20;8;;;LLNL
1028;Grenadier;Maribo;1985;JUN;26;18:03:00.08;'NTS-YF;37.12410;-116.12199;-381;1352;UG-S;WR;0;20;3,5;;;LLNL
1029;Grenadier;Serena;1985;JUL;25;14:00:00.088;'NTS-PM;37.29725;-116.43807;-597;1942;UG-S;WR;20;150;45;;;LLNL
1030;Grenadier;Cebrero;1985;AUG;14;13:00:00.082;'NTS-YF;37.11108;-116.01438;-183;1316;UG-S;WR;0;20;;;;LLNL
1031;Grenadier;Chamita;1985;AUG;17;16:25:00.09;'NTS-YF;37.00230;-116.04300;-331,62;1181;UG-S;WR;0;20;8;110;;LANL
1032;Grenadier;Ponil;1985;SEP;27;14:15:00.08;'NTS-YF;37.08980;-116.00180;-364,8;1284;UG-S;WR;0;20;10;;;LANL
1033;Charioteer;Mill Yard;1985;OCT;9;20:40:00.128;'NTS-RM;37.20916;-116.20512;-371;2203;UG-TC;WE;0;20;0,075;;;LANL
1034;Charioteer;Diamond Beech;1985;OCT;9;23:20:00.086;'NTS-RM;37.20967;-116.21009;-404,5;2230;UG-T;WE;0;20;2,5;;;LLNL
1035;Charioteer;Roquefort;1985;OCT;16;21:35:00.086;'NTS-YF;37.10995;-116.12138;-415;1341;UG-S;WR;20;150;20;;;LLNL
1036;Charioteer;Abo;1985;OCT;30;16:00:00.087;'NTS-YF;37.05061;-116.03614;-196,29;1202;UG-S;WR;0;20;0,01;;;LANL
1037;Charioteer;Goldstone;1985;DEC;28;19:01:00.089;'NTS-PM;37.23781;-116.47274;-549;1887;UG-S;WR;20;150;60;;;LLNL
1038;Charioteer;Glencoe;1986;MAR;22;16:15:00.08;'NTS-YF;37.08300;-116.06610;-609,6;1233;UG-S;WR;29;;29;;;LANL
1039;Charioteer;Mighty Oak;1986;APR;10;14:08:30.095;'NTS-RM;37.21833;-116.18311;-394,4;2084;UG-T;WE;0;20;20;;;LLNL
1040;Charioteer;Mogollon;1986;APR;20;15:12:30.074;'NTS-YF;37.01166;-116.04605;-259,4;1187;UG-S;WR;0;20;1,5;80;;LANL
1041;Charioteer;Jefferson;1986;APR;22;14:30:00.086;'NTS-PM;37.26412;-116.44020;-609;1955;UG-S;WR;20;150;80;;;LLNL
1042;Charioteer;Panamint;1986;MAY;21;13:59:00.083;'NTS-YF;37.12503;-116.05944;-480;1259;UG-S;WR;0;20;1;;;LLNL
1043;Charioteer;Tajo;1986;JUN;5;15:04:00.064;'NTS-YF;37.09829;-116.01550;-518,2;1289;UG-S;WR;20;150;67;320;;LANL
1044;Charioteer;Cybar;1986;JUL;17;21:00:00.06;'NTS-PM;37.27870;-116.35560;-627;2017;UG-S;WR;119;;119;;;LANL
1045;Charioteer;Cornucopia;1986;JUL;24;15:05:00.086;'NTS-YF;37.14275;-116.07112;-381;1287;UG-S;WR;0;20;8;110;;LLNL
1046;Charioteer;Galveston;1986;SEP;4;16:09:00.057;'NTS-PM;37.23973;-116.36776;-487,1;2018;UG-S;WR;0;20;0,35;;;LANL
1047;Charioteer;Aleman;1986;SEP;11;14:57:00.11;'NTS-YF;37.06908;-116.04969;-502,6;1218;UG-S;WR;0;20;0,1;;;LANL
1048;Charioteer;Labquark;1986;SEP;30;22:30:00.102;'NTS-PM;37.30008;-116.30743;-616;2100;UG-S;WR;20;150;140;;;LLNL
1049;Musketeer;Belmont;1986;OCT;16;19:25:00.089;'NTS-PM;37.22021;-116.46163;-605,03;1871;UG-S;WR;20;150;140;;;LLNL
1050;Musketeer;Gascon;1986;NOV;14;16:00:00.066;'NTS-YF;37.10043;-116.04807;-593,14;1236;UG-S;WR;20;150;120;260;;LANL
1051;Musketeer;Bodie;1986;DEC;13;17:50:05.093;'NTS-PM;37.26296;-116.41168;-635;1991;UG-S;WR;20;150;140;;;LLNL
1052;Musketeer;Hazebrook-Emerald (G;1987;FEB;3;15:20:00.083;'NTS-YF;37.18114;-116.04844;-186;1291;UG-S;WR;0;20;;;;LLNL
1053;Musketeer;Hazebrook-Checkerber;1987;FEB;3;15:20:00.08;'NTS-YF;37.18114;-116.04844;-226;1291;UG-S;WR;0;20;;;;LLNL
1054;Musketeer;Hazebrook-Apricot (O;1987;FEB;3;15:20:00.08;'NTS-YF;37.18114;-116.04844;-262;1291;UG-S;SE;0;20;;;;LLNL
1055;Musketeer;Tornero;1987;FEB;11;16:45:00.07;'NTS-YF;37.01070;-116.04470;-298,4;1186;UG-S;WR;0;20;6;90;;LANL
1056;Musketeer;Middle Note;1987;MAR;18;18:28:00.085;'NTS-RM;37.21024;-116.20857;-398,7;2223;UG-T;WE;0;20;3,5;;;LLNL
1057;Musketeer;Delamar;1987;APR;18;13:40:00.00;'NTS-PM;37.24789;-116.50914;-544,1;1875;UG-S;WR;20;150;100;;;LLNL
1058;Musketeer;Presidio;1987;APR;22;23:00:00.088;'NTS-YF;36.98314;-116.00458;-319,7;1171;UG-S;WR;0;20;2,5;;;LANL
1059;Musketeer;Hardin;1987;APR;30;13:30:00.089;'NTS-PM;37.23305;-116.42312;-625;1943;UG-S;WR;20;150;100;;;LLNL
1060;Musketeer;Brie;1987;JUN;18;15:20:00.082;'NTS-YF;37.19355;-116.03501;-203;1318;UG-S;WR;0;20;;;;LLNL
1061;Musketeer;Mission Ghost;1987;JUN;20;16:00:00.18;'NTS-RM;37.22000;-116.17780;-321,3;2017;UG-T;WE;0;20;;;;LANL
1062;Musketeer;Panchuela;1987;JUN;30;16:05:00.10;'NTS-YF;36.99860;-116.04310;-319,13;1179;UG-S;WR;0;20;8;160;;LANL
1063;Musketeer;Tahoka;1987;AUG;13;14:00:00.09;'NTS-YF;37.06100;-116.04530;-638,56;1212;UG-S;WR;20;150;150;290;;LANL
1064;Musketeer;Lockney;1987;SEP;24;15:00:00.055;'NTS-PM;37.22799;-116.37471;-614,17;2045;UG-S;WR;20;150;150;;;LANL
1065;Touchstone;Borate;1987;OCT;23;16:00:00.09;'NTS-YF;37.14190;-116.07870;-542,5;1294;UG-S;WR;20;150;38;220;;LLNL
1066;Touchstone;Waco;1987;DEC;1;16:30:00.09;'NTS-YF;36.99641;-116.00447;-182,9;1176;UG-S;WR;0;20;;;;LANL
1067;Touchstone;Mission Cyber;1987;DEC;2;16:00:00.084;'NTS-RM;37.23465;-116.16338;-270,6;1926;UG-T;WE;0;20;2;;;LLNL
1068;Touchstone;Kernville;1988;FEB;15;18:10:00.089;'NTS-PM;37.31444;-116.47148;-541,6;1899;UG-S;WR;20;150;60;;;LLNL
1069;Touchstone;Abilene;1988;APR;7;17:15:00.078;'NTS-YF;37.01316;-116.04433;-245,06;1187;UG-S;WR;0;20;2;110;;LANL
1070;Touchstone;Schellbourne;1988;MAY;13;15:35:00.108;'NTS-YF;37.12442;-116.07210;-463;1268;UG-S;WR;0;150;16;190;;LLNL
1071;Touchstone;Laredo;1988;MAY;21;22:30:00.14;'NTS-YF;37.03250;-115.98730;-351,4;1220;UG-S;WR;0;150;3,5;50;;LANL
1072;Touchstone;Comstock;1988;JUN;2;13:00:00.088;'NTS-PM;37.26014;-116.44108;-620,3;1960;UG-S;WR;0;150;80;;;LLNL
1073;Touchstone;Rhyolite;1988;JUN;22;14:00:00.079;'NTS-YF;37.16616;-116.07224;-207,3;1309;UG-S;WR;0;150;;;;LLNL
1074;Touchstone;Nightingale;1988;JUN;22;14:00:00.079;'NTS-YF;37.16616;-116.07224;-237,7;1309;UG-S;SE;0;150;;;;LLNL
1075;Touchstone;Alamo;1988;JUL;7;15:05:30.07;'NTS-PM;37.25244;-116.37668;-622,1;1964;UG-S;WR;0;150;150;;;LANL
1076;Touchstone;Kearsarge;1988;AUG;17;17:00:00.095;'NTS-PM;37.29716;-116.30654;-615,7;2102;UG-S;WR;100;150;140;;;LLNL
1077;Touchstone;Harlingen-A;1988;AUG;23;18:30:00.08;'NTS-YF;36.99100;-116.01900;-289,6;1175;UG-S;WR;0;20;2;90;;LANL
1078;Touchstone;Harlingen-B;1988;AUG;23;18:30:00.08;'NTS-YF;36.98900;-116.01900;;1175;UG-S;WR;0;20;;;;LANL
1079;Touchstone;Bullfrog;1988;AUG;30;18:00:00.089;'NTS-YF;37.08593;-116.06852;-489,2;1236;UG-S;WR;0;150;33;;;LLNL
1080;Cornerstone;Dalhart;1988;OCT;13;14:00:00.08;'NTS-YF;37.08900;-116.04926;-639,78;1229;UG-S;WR;0;150;150;260;;LANL
1081;Cornerstone;Monahans-A;1988;NOV;9;20:15:00.08;'NTS-YF;36.99100;-116.02200;-289,86;1175;UG-S;WR;0;20;;;;LANL
1082;Cornerstone;Monahans-B;1988;NOV;9;20:15:00.08;'NTS-YF;36.98900;-116.02200;;1174;UG-S;WR;0;20;;;;LANL
1083;Cornerstone;Kawich A-White;1988;DEC;9;15:15:00.08;'NTS-YF;37.17500;-116.09300;-384;1357;UG-S;SE;0;20;3;80;;LLNL
1084;Cornerstone;Kawich B-Blue;1988;DEC;9;15:15:00.08;'NTS-YF;37.17500;-116.09300;;1357;UG-S;SE;0;20;;;;LLNL
1085;Cornerstone;Misty Echo;1988;DEC;10;20:30:00.06;'NTS-RM;37.19900;-116.20940;-400;2232;UG-T;WE;0;150;25;?;;LANL
1086;Cornerstone;Texarkana;1989;FEB;10;20:06:00.055;'NTS-YF;37.07678;-116.00061;-504,02;1267;UG-S;WR;20;150;67;240;;LANL
1087;Cornerstone;Kawich-Red;1989;FEB;24;16:15:00.081;'NTS-YF;37.12849;-116.12196;-370;1352;UG-S;WR;0;20;5;;;LLNL
1088;Cornerstone;Kawich-Black;1989;FEB;24;16:15:00.08;'NTS-YF;37.12849;-116.12196;-431;1352;UG-S;SE;0;20;;;;LLNL
1089;Cornerstone;Ingot;1989;MAR;9;14:05:00.086;'NTS-YF;37.14283;-116.06694;-500;1280;UG-S;WR;20;150;33;;;LLNL
1090;Cornerstone;Palisade-1;1989;MAY;15;13:10:00.087;'NTS-YF;37.10761;-116.12089;-345,22;1338;UG-S;WR;0;20;5;;;LLNL
1091;Cornerstone;Palisade-2;1989;MAY;15;13:10:00.09;'NTS-YF;37.10761;-116.12089;-392;1338;UG-S;SE;0;20;;;;LLNL
1092;Cornerstone;Palisade-3;1989;MAY;15;13:10:00.09;'NTS-YF;37.10761;-116.12089;-404;1338;UG-S;SE;0;20;8;;;LLNL
1093;Cornerstone;Tulia;1989;MAY;26;18:07:00.021;'NTS-YF;37.08587;-116.05513;-397,8;1230;UG-S;WR;0;20;0,5;;;LANL
1094;Cornerstone;Contact;1989;JUN;22;21:15:00.83;'NTS-PM;37.28288;-116.41231;-544,1;1980;UG-S;WR;20;150;60;;;LLNL
1095;Cornerstone;Amarillo;1989;JUN;27;15:30:00.02;'NTS-PM;37.27546;-116.35356;-640,1;2019;UG-S;WR;20;150;20;;;LANL
1096;Cornerstone;Disko Elm;1989;SEP;14;15:00:00.098;'NTS-RM;37.23589;-116.16290;-260;1917;UG-T;WE;0;20;10;;;LLNL
1097;Aqueduct;Hornitos;1989;OCT;31;15:30:00.085;'NTS-PM;37.26310;-116.49072;-562,94;1846;UG-S;WR;20;150;150;;;LLNL
1098;Aqueduct;Muleshoe;1989;NOV;15;20:20:00.119;'NTS-YF;37.10652;-116.01338;-244,45;1311;UG-S;WR;0;20;;;;LANL
1099;Aqueduct;Whiteface-A;1989;DEC;20;22:00:00.06;'NTS-YF;37.02600;-116.03200;-196,9;;UG-S;SE;0;20;;;;LANL
1100;Aqueduct;Whiteface-B;1989;DEC;20;22:00:00.06;'NTS-YF;37.02600;-116.03200;;;UG-S;SE;0;20;;;;LANL
1101;Aqueduct;Metropolis;1990;MAR;10;15:00:00.083;'NTS-YF;37.11251;-116.05518;-469,4;1246;UG-S;WR;20;150;44;;;LLNL
1102;Aqueduct;Bowie;1990;APR;6;17:00:00.047;'NTS-YF;37.06767;-115.99213;-213,4;1271;UG-S;WR;0;20;0,1;;;LANL
1103;Aqueduct;Bullion;1990;JUN;13;16:00:00.079;'NTS-PM;37.26160;-116.42012;-673,9;1950;UG-S;WR;20;150;150;;;LLNL
1104;Aqueduct;Austin;1990;JUN;21;18:15:00.00;'NTS-YF;36.99284;-116.00449;-350,5;1174;UG-S;WR;0;20;2;;;LANL
1105;Aqueduct;Mineral Quarry;1990;JUL;25;15:00:00.06;'NTS-RM;37.20687;-116.21426;-389,5;2216;UG-T;WE;0;20;10;;;LANL
1106;Aqueduct;Randsburg;1990;JUL;25;15:00:00.00;'NTS-RM;37.20700;-116.21500;;2216;UG-T;WR;0;20;;;;LLNL
1107;Aqueduct;Sundown-A;1990;SEP;20;16:15:00.00;'NTS-YF;37.03822;-116.05680;-270,4;1206;UG-S;SE;0;20;;;;LANL
1108;Aqueduct;Sundown-B;1990;SEP;20;16:15:00.00;'NTS-YF;37.03822;-116.05680;;1206;UG-S;SE;0;20;;;;LANL
1109;Aqueduct;Ledoux;1990;SEP;27;18:02:46.0;'NTS-YF;37.00715;-116.05822;-291;1191;UG-S;WR;0;20;;;;LANL
1110;Sculpin;Tenabo;1990;OCT;12;17:30:00.08;'NTS-PM;37.24786;-116.49421;-600;1871;UG-S;WR;20;150;140;;;LLNL
1111;Sculpin;Coso-Bronze;1991;MAR;8;21:02:45.08;'NTS-YF;37.10436;-116.07403;-333;1254;UG-S;WR;0;20;3,5;90;;LLNL
1112;Sculpin;Coso-Gray;1991;MAR;8;21:02:45.08;'NTS-YF;37.10436;-116.07403;;1254;UG-S;WR;0;20;8;;;LLNL
1113;Sculpin;Coso-Silver;1991;MAR;8;21:02:45.08;'NTS-YF;37.10436;-116.07403;;1254;UG-S;SE;0;20;;;;LLNL
1114;Sculpin;Bexar;1991;APR;4;19:00:00.00;'NTS-PM;37.29608;-116.31290;-629,4;2118;UG-S;WR;20;150;140;;;LANL
1115;Sculpin;Montello;1991;APR;16;15:30:00.071;'NTS-PM;37.24544;-116.44163;-641,6;1961;UG-S;WR;20;150;80;;;LLNL
1116;Sculpin;Floydada;1991;AUG;15;16:00:00.00;'NTS-YF;37.08733;-116.00179;-502,9;1280;UG-S;WR;0;20;3;;;LANL
1117;Sculpin;Hoya;1991;SEP;14;19:00:00.005;'NTS-PM;37.22564;-116.42813;-658;1951;UG-S;WR;20;150;100;;;LLNL
1118;Sculpin;Distant Zenith;1991;SEP;19;15:30:00.067;'NTS-RM;37.23573;-116.16643;-263,8;1921;UG-T;WE;0;20;1,5;;;LANL
1119;Julin;Lubbock;1991;OCT;18;19:12:00.00;'NTS-YF;37.06343;-116.04529;-457,2;1213;UG-S;WR;20;150;53;;;LANL
1120;Julin;Junction;1992;MAR;26;16:30:00.00;'NTS-PM;37.27246;-116.35976;-622;2013;UG-S;WR;20;150;100;;;LANL
1121;Julin;Diamond Fortune;1992;APR;30;16:30:00.00;'NTS-RM;37.23418;-116.15735;-236;1656;UG-T;WE;0;20;3;;;LANL
1122;Julin;Victoria;1992;JUN;19;16:45:00.00;'NTS-YF;37.00542;-116.01014;-244;1179;UG-S;WR;0;20;0,08;;;LANL
1123;Julin;Galena-Yellow;1992;JUN;23;15:00:00.072;'NTS-YF;37.12392;-116.03124;-400;1269;UG-S;WR;0;20;;;;LLNL
1124;Julin;Galena-Orange;1992;JUN;23;15:00:00.07;'NTS-YF;37.12392;-116.03124;;1269;UG-S;SE;0;20;;;;LLNL
1125;Julin;Galena-Green;1992;JUN;23;15:00:00.07;'NTS-YF;37.12392;-116.03124;;1269;UG-S;SE;0;20;;;;LLNL
1126;Julin;Hunters Trophy;1992;SEP;18;17:00:00.078;'NTS-RM;37.20692;-116.20998;-385,3;1827;UG-T;WE;0;20;4;;;LLNL
1127;Julin;Divider;1992;SEP;23;15:04:00.00;'NTS-YF;37.02068;-115.98791;-426;1208;UG-S;WR;0;20;5;;;LANL
